,index,accuracy,samples
count,5.0,5.0,5.0
mean,2.0,0.8460000000000001,100.0
std,1.5811388300841898,0.029664793948382635,0.0
min,0.0,0.8,100.0
25%,1.0,0.84,100.0
50%,2.0,0.85,100.0
75%,3.0,0.86,100.0
max,4.0,0.88,100.0
