,OM_P@R95,OM_P@R95,OM_P@R95_threshold,OM_P@R95_threshold,OM_F1,OM_F1,OM_PRE,OM_PRE,OM_REC/SENS,OM_REC/SENS,OM_SPEC,OM_SPEC,OM_corrected_frac,OM_corrected_frac
,median,confidence,median,confidence,median,confidence,median,confidence,median,confidence,median,confidence,median,confidence
approach,,,,,,,,,,,,,,
a1,0.0501253258774319,"(0.13, 0.20)",0.02194023132324215,"(0.03, 0.05)",0.0,"(0.01, 0.02)",0.0,"(0.02, 0.06)",0.0,"(0.01, 0.02)",1.0,"(0.99, 0.99)",0.0,0.00 (150x)
a2,0.30492339729287526,"(0.36, 0.47)",0.0191119611263275,"(0.11, 0.20)",0.5481661511268228,"(0.53, 0.60)",0.8138528138528138,"(0.69, 0.78)",0.5,"(0.50, 0.59)",0.996842105263158,"(0.99, 0.99)",0.225,"(0.24, 0.31)"
a3,0.3144654088050315,"(0.36, 0.47)",0.0154930353164672,"(0.12, 0.20)",0.5352112676056339,"(0.50, 0.57)",0.7857142857142857,"(0.66, 0.76)",0.48,"(0.46, 0.56)",0.996938775510204,"(0.99, 0.99)",0.2,"(0.20, 0.26)"
a4,0.22497216317441035,"(0.28, 0.38)",-0.7070915102958679,"(-0.50, -0.30)",0.0,0.00 (150x),0.0,0.00 (150x),0.0,0.00 (150x),1.0,1.00 (150x),0.0,0.00 (150x)
