,OM_P@R95,OM_P@R95,OM_P@R95_threshold,OM_P@R95_threshold,OM_F1,OM_F1,OM_PRE,OM_PRE,OM_REC/SENS,OM_REC/SENS,OM_SPEC,OM_SPEC,OM_corrected_frac,OM_corrected_frac
,median,confidence,median,confidence,median,confidence,median,confidence,median,confidence,median,confidence,median,confidence
approach,,,,,,,,,,,,,,
a1,0.038531799729364005,"(0.11, 0.18)",0.0176660120487213,"(0.02, 0.04)",0.030536130536130503,"(0.05, 0.10)",0.0469824293353705,"(0.11, 0.19)",0.02,"(0.14, 0.24)",0.98,"(0.76, 0.86)",0.0,"(0.00, 0.00)"
a2,0.2409638554216868,"(0.28, 0.38)",0.01537236571311945,"(0.09, 0.18)",0.6563369963369964,"(0.59, 0.65)",0.5823643410852714,"(0.56, 0.66)",0.7,"(0.71, 0.77)",0.985858585858586,"(0.98, 0.98)",0.28,"(0.26, 0.32)"
a3,0.2223320158102767,"(0.28, 0.38)",0.013029783964157049,"(0.09, 0.18)",0.6276789785681715,"(0.58, 0.65)",0.5642178910544727,"(0.56, 0.65)",0.7,"(0.70, 0.77)",0.985858585858586,"(0.98, 0.98)",0.298,"(0.26, 0.32)"
a4,0.08909790848116836,"(0.19, 0.27)",-0.7181251049041748,"(-0.59, -0.38)",0.5794792071511854,"(0.54, 0.61)",0.5497264021887824,"(0.53, 0.63)",0.68,"(0.64, 0.72)",0.985858585858586,"(0.98, 0.98)",0.04,"(0.04, 0.05)"
